<?xml version="1.0" encoding="UTF-8"?>
<SystemProperties><SystemName>44-51838_2016_5_18</SystemName><SerialNo>44-51838</SerialNo><UsedMedia><Media path="C:\PROGRAM FILES (X86)\ABB INDUSTRIAL IT\ROBOTICS IT\MEDIAPOOL\ROBOTWARE_5.15.5001" name="RobotWare" version="5.15.5001.05"></Media><Media path="C:\PROGRAM FILES (X86)\ABB INDUSTRIAL IT\ROBOTICS IT\MEDIAPOOL\AW-44-51838-250L" name="AW-44-51838-250L" version="1.00.1186.01"></Media></UsedMedia><ControlModule><Key>0o2YYY3VHUlWoYoYpcbMPKT</Key><SignatureNr>111</SignatureNr><Category descr="OS">RobotWare OS and English</Category><Category descr="Languages">644-3 Spanish</Category><Category descr="Options">709-x DeviceNet</Category><Category descr="Options">603-1 Absolute Accuracy</Category><Category descr="Options">608-1 World Zones</Category><Category descr="Options">609-1 Fixed Position Events</Category><Category descr="Options">610-1 Independent Axis</Category><Category descr="Options">611-1 Path Recovery</Category><Category descr="Options">613-1 Collision Detection</Category><Category descr="Options">616-1 PC Interface</Category><Category descr="Options">617-1 FlexPendant Interface</Category><Category descr="Options">620-1 File and Serial Channel Handling</Category><Category descr="Options">672-1 Socket Messaging</Category><Category descr="Options">621-1 Logical Cross Connections</Category><Category descr="Options">622-1 Analog Signal Interrupt</Category><Category descr="Options">623-1 Multitasking</Category><Category descr="Options">626-1 Advanced RAPID</Category><Category descr="Applications">885-1 SoftMove</Category><Category descr="Languages">645-2 German</Category><Category descr="Suboptions">709-1 Master/Slave Single</Category><Option descr="RW Control module key"></Option><Option descr="RobotWare OS and English"></Option><Option descr="644-3 Spanish"><SubOption descr="645-2 German"></SubOption></Option><Option descr="709-x DeviceNet"><SubOption descr="709-1 Master/Slave Single"></SubOption></Option><Option descr="603-1 Absolute Accuracy"></Option><Option descr="608-1 World Zones"></Option><Option descr="609-1 Fixed Position Events"></Option><Option descr="610-1 Independent Axis"></Option><Option descr="611-1 Path Recovery"></Option><Option descr="613-1 Collision Detection"></Option><Option descr="616-1 PC Interface"></Option><Option descr="617-1 FlexPendant Interface"></Option><Option descr="620-1 File and Serial Channel Handling"></Option><Option descr="672-1 Socket Messaging"></Option><Option descr="621-1 Logical Cross Connections"></Option><Option descr="622-1 Analog Signal Interrupt"></Option><Option descr="623-1 Multitasking"></Option><Option descr="626-1 Advanced RAPID"></Option><Option descr="885-1 SoftMove"></Option></ControlModule><AdditionalOption><Name>AW-44-51838-250L</Name><Key>W2qnyIQnjHnaaHCOPCQIWMXCj</Key><SignatureNr>1001</SignatureNr><Option descr="AW-44-51838-250L"></Option></AdditionalOption><DriveModule><Name>DriveModule1</Name><Key>dVziCwpw2dyy3</Key><SignatureNr>106</SignatureNr><Category descr="Manipulators">ABB standard manipulator</Category><Category descr="Manipulators">Add axes IRB/drive module 4400/940</Category><Category descr="Manipulators">IRB 4400 Type B</Category><Category descr="Variants">4400/45 Type B</Category><Category descr="Drives">R2C2 Standard</Category><Category descr="Drives">No drive in pos Y2</Category><Option descr="RW Drive module 1 key"></Option><Option descr="ABB standard manipulator"><SubOption descr="IRB 4400 Type B"><SubOption descr="4400/45 Type B"></SubOption></SubOption></Option><Option descr="Add axes IRB/drive module 4400/940"><SubOption descr="R2C2 Standard"><SubOption descr="No drive in pos Y2"></SubOption></SubOption></Option></DriveModule></SystemProperties>
