<?xml version="1.0" encoding="UTF-8"?><SystemProperties><SystemName>6640-101898_R6_2016_5_18</SystemName><SerialNo>6640-101898</SerialNo><UsedMedia><Media path="RobotWare_6.02.1029" name="RobotWare" version="6.02.1029" /><Media path="TrackMotion_6.02.1029" name="TrackMotion" version="6.02.1029" /><Media path="Positioner_6.02.1029" name="Positioner" version="6.02.1029" /></UsedMedia><ControlModule><Option descr="RobotWare Base"></Option><Option descr="603-1 Absolute Accuracy"></Option><Option descr="613-1 Collision Detection"></Option><Option descr="709-1 DeviceNet Master/Slave"></Option><Option descr="689-1 Externally Guided Motion (EGM)"></Option><Option descr="617-1 FlexPendant Interface"></Option><Option descr="614-1 FTP and NFS client"></Option><Option descr="610-1 Independent Axis"></Option><Option descr="623-1 Multitasking"></Option><Option descr="612-1 Path Offset"></Option><Option descr="611-1 Path Recovery"></Option><Option descr="616-1 PC Interface"></Option><Option descr="885-1 SoftMove"></Option><Option descr="608-1 World Zones"></Option><Option descr="English"></Option></ControlModule><DriveModule><Name>Robot1</Name><Option descr="Drive System IRB 460/640/660/760/4600/66xx/6700"></Option><Option descr="IRB 6640-150/2.55 LeanID"></Option><Option descr="ADU-790A in position X3"></Option><Option descr="ADU-790A in position Y3"></Option><Option descr="ADU-790A in position Z3"></Option></DriveModule><AdditionalOption><Name>TrackMotion</Name><Option descr="Track Motion x004 Base"></Option><Option descr="IRBT 6004 Type A 6.7 m"></Option><Option descr="Standard carriage In line"></Option></AdditionalOption><AdditionalOption><Name>Positioner</Name></AdditionalOption></SystemProperties>