<?xml version='1.0' encoding='UTF-8'?>
<system creation-date="2016-05-18 20:43:39" desc=" " enable="False" id="F83007DD-491F-4CE8-A001-6471F16FD962" last-modified-date="" name="6640-101898_R6_2016_5_18"><applications><application name="RobotWare" version="6.02.1029"><settings><setting-file path="/hd0a/6640-101898_R6_2016_5_18/INTERNAL/controller.rsf" /><system-xml path="/hd0a/6640-101898_R6_2016_5_18/system.xml" /><key-id path="/hd0a/6640-101898_R6_2016_5_18/INTERNAL/key.id" /></settings></application><application name="TrackMotion" version="6.02.1029"><settings><setting-file path="/hd0a/6640-101898_R6_2016_5_18/INTERNAL/controller.rsf" /><system-xml path="/hd0a/6640-101898_R6_2016_5_18/system.xml" /><key-id path="/hd0a/6640-101898_R6_2016_5_18/INTERNAL/key.id" /></settings></application><application name="Positioner" version="6.02.1029"><settings><setting-file path="/hd0a/6640-101898_R6_2016_5_18/INTERNAL/controller.rsf" /><system-xml path="/hd0a/6640-101898_R6_2016_5_18/system.xml" /><key-id path="/hd0a/6640-101898_R6_2016_5_18/INTERNAL/key.id" /></settings></application></applications></system>